vc_stage,n,sum,mean,issue_index,opportunity_index,intensity_index
hr_mgmt,11,11,1.0,0.0,1.0,0.0718954248366013
inbound_logistics,22,4,0.18181818181818182,0.4090909090909091,0.5909090909090909,0.1437908496732026
infrastructure,32,6,0.1875,0.40625,0.59375,0.20915032679738563
marketing_sales,23,5,0.21739130434782608,0.34782608695652173,0.5652173913043478,0.1503267973856209
operations,18,18,1.0,0.0,1.0,0.11764705882352941
outbound_logistics,1,0,0.0,0.0,0.0,0.006535947712418301
service,4,0,0.0,0.0,0.0,0.026143790849673203
tech_dev,42,42,1.0,0.0,1.0,0.27450980392156865
